date,symbol,timestamp,open,high,low,close,volume,turnover
2023-04-06,700.HK,2023-04-06,378.200,381.800,374.800,379.600,14945689,5735688750.000
2023-04-11,700.HK,2023-04-11,383.200,384.200,365.600,370.800,21931068,8304864538.000
2023-04-12,700.HK,2023-04-12,365.200,365.800,348.400,351.400,40470596,14607065137.000
2023-04-13,700.HK,2023-04-13,344.200,358.200,341.600,357.400,24956481,8897620125.000
2023-04-14,700.HK,2023-04-14,360.600,362.400,353.200,359.600,12744724,4633061402.000
2023-04-17,700.HK,2023-04-17,358.800,366.200,354.600,365.200,15710199,5769985870.000
2023-04-18,700.HK,2023-04-18,365.200,365.200,355.200,359.600,13686354,4986471516.000
2023-04-19,700.HK,2023-04-19,357.200,357.200,349.200,351.400,16279391,5827612230.000
2023-04-20,700.HK,2023-04-20,351.400,355.800,349.800,351.200,10530854,3765348573.000
2023-04-21,700.HK,2023-04-21,347.400,349.800,340.200,343.400,16523648,5780344446.000
2023-04-24,700.HK,2023-04-24,341.400,345.000,332.200,339.200,20470625,7023120389.000
2023-04-25,700.HK,2023-04-25,335.800,335.800,327.200,332.600,20949955,7056476865.000
2023-04-26,700.HK,2023-04-26,330.000,346.400,329.600,342.400,25018346,8637974033.000
2023-04-27,700.HK,2023-04-27,341.200,342.200,334.400,339.200,14757831,5078333682.000
2023-04-28,700.HK,2023-04-28,342.200,349.000,338.000,338.600,15394102,5356891792.000
2023-05-02,700.HK,2023-05-02,346.200,348.600,336.400,340.000,8648798,3003103170.000
2023-05-03,700.HK,2023-05-03,333.800,337.200,330.400,333.600,10551544,3573459370.000
2023-05-04,700.HK,2023-05-04,334.800,337.800,327.200,332.000,17579228,5936738264.000
2023-05-05,700.HK,2023-05-05,337.600,341.200,332.400,337.000,14814925,5079655993.000
2023-05-08,700.HK,2023-05-08,338.200,341.800,331.800,335.000,10715881,3652510235.000
2023-05-09,700.HK,2023-05-09,332.400,333.400,322.400,322.600,23541440,7831370563.000
2023-05-10,700.HK,2023-05-10,321.200,325.600,319.600,323.800,15572919,5117818935.000
2023-05-11,700.HK,2023-05-11,326.800,327.800,317.400,320.600,17571687,5746565382.000
2023-05-12,700.HK,2023-05-12,326.000,328.600,321.200,322.400,17991214,5943372305.000
2023-05-15,700.HK,2023-05-15,319.200,338.600,319.200,335.200,23740493,8025510416.000
2023-05-16,700.HK,2023-05-16,342.200,342.200,337.000,339.000,14121222,4865134531.000
2023-05-17,700.HK,2023-05-17,340.200,344.000,335.400,337.000,19562717,6766317221.000
2023-05-18,700.HK,2023-05-18,335.400,337.200,323.600,334.000,34412000,11559354011.000
2023-05-19,700.HK,2023-05-19,329.600,332.400,325.600,329.800,22685856,7538059155.000
2023-05-22,700.HK,2023-05-22,328.400,341.000,324.800,336.800,20042131,6765009287.000
2023-05-23,700.HK,2023-05-23,341.800,342.200,330.600,332.200,15019611,5098105798.000
2023-05-24,700.HK,2023-05-24,327.800,333.400,327.200,329.000,13547979,4515574915.000
2023-05-25,700.HK,2023-05-25,326.400,327.200,315.000,319.000,26028377,8426578871.000
2023-05-29,700.HK,2023-05-29,323.800,323.800,307.800,309.800,28838839,9139977298.000
2023-05-30,700.HK,2023-05-30,308.400,314.800,304.200,312.800,21736553,6812911047.000
2023-05-31,700.HK,2023-05-31,311.200,311.200,302.600,307.200,32131907,9981997875.000
2023-06-01,700.HK,2023-06-01,309.200,320.000,307.800,312.000,22951704,7292374057.000
2023-06-02,700.HK,2023-06-02,324.200,330.800,320.000,330.800,32055423,10589659557.000
2023-06-05,700.HK,2023-06-05,332.600,335.400,326.600,334.800,19890895,6676336755.000
2023-06-06,700.HK,2023-06-06,334.600,335.800,325.600,327.800,16700158,5572482384.000
2023-06-07,700.HK,2023-06-07,336.600,336.600,331.200,332.200,18254900,6159602765.000
2023-06-08,700.HK,2023-06-08,329.400,331.800,324.800,331.400,13133723,4361434994.000
2023-06-09,700.HK,2023-06-09,333.000,336.600,330.400,332.600,16184167,5451645038.000
2023-06-12,700.HK,2023-06-12,336.600,336.600,330.800,335.000,13488760,4557765581.000
2023-06-13,700.HK,2023-06-13,336.200,345.000,334.600,341.400,23119808,7957106270.000
2023-06-14,700.HK,2023-06-14,343.200,350.000,340.600,342.200,22081967,7691036374.000
2023-06-15,700.HK,2023-06-15,349.600,351.600,344.600,351.600,25008358,8813278392.000
2023-06-16,700.HK,2023-06-16,355.600,361.000,352.400,359.600,35853943,12946982000.000
2023-06-19,700.HK,2023-06-19,356.200,356.600,347.000,353.800,20273905,7189369317.000
2023-06-20,700.HK,2023-06-20,350.600,355.800,343.800,346.600,16283873,5713762131.000
2023-06-21,700.HK,2023-06-21,338.200,342.600,333.600,337.000,19304438,6568809205.000
2023-06-23,700.HK,2023-06-23,336.600,337.400,329.600,333.600,13898721,4679575009.000
2023-06-26,700.HK,2023-06-26,332.200,336.000,326.800,329.400,18157220,6064114639.000
2023-06-27,700.HK,2023-06-27,329.400,341.000,329.400,338.000,17490624,5959539790.000
2023-06-28,700.HK,2023-06-28,336.600,337.600,330.400,332.800,15887756,5353375868.000
2023-06-29,700.HK,2023-06-29,335.600,335.600,327.800,330.200,13517437,4513065378.000
2023-06-30,700.HK,2023-06-30,327.600,330.400,326.000,328.200,16197039,5367017503.000
2023-07-03,700.HK,2023-07-03,328.400,336.600,328.400,334.600,14198462,4784258458.000
2023-07-04,700.HK,2023-07-04,333.000,337.800,332.800,335.800,9439642,3197624156.000
2023-07-05,700.HK,2023-07-05,336.400,337.600,329.800,332.000,9861945,3314699528.000
2023-07-06,700.HK,2023-07-06,328.800,333.600,322.000,323.400,19781825,6504989785.000
2023-07-07,700.HK,2023-07-07,319.800,328.200,316.600,323.200,21595356,7015522376.000
2023-07-10,700.HK,2023-07-10,330.400,332.400,324.000,325.400,17287899,5712851267.000
2023-07-11,700.HK,2023-07-11,329.200,332.200,326.800,330.400,12361269,4120721943.000
2023-07-12,700.HK,2023-07-12,335.200,337.600,332.400,336.600,16847310,5716051811.000
2023-07-13,700.HK,2023-07-13,346.600,347.200,343.600,346.400,27315463,9530812910.000
2023-07-14,700.HK,2023-07-14,351.400,351.400,345.400,349.200,21213481,7461794508.000
2023-07-18,700.HK,2023-07-18,348.400,348.400,331.600,333.000,29147987,9911756962.000
2023-07-19,700.HK,2023-07-19,327.200,330.400,323.600,329.600,21913296,7240460689.000
2023-07-20,700.HK,2023-07-20,332.600,338.400,327.200,329.400,16564481,5556791373.000
2023-07-21,700.HK,2023-07-21,329.400,334.000,327.600,329.600,11843920,3952114060.000
2023-07-24,700.HK,2023-07-24,325.200,327.600,320.400,321.600,17451591,5702816771.000
2023-07-25,700.HK,2023-07-25,333.600,342.200,331.600,341.600,29203653,9931910111.000
2023-07-26,700.HK,2023-07-26,341.400,341.400,334.800,337.600,14941840,5092535339.000
2023-07-27,700.HK,2023-07-27,342.600,343.000,337.000,340.400,13651548,4698584231.000
2023-07-28,700.HK,2023-07-28,340.400,348.600,335.200,347.000,22244305,7739027960.000
2023-07-31,700.HK,2023-07-31,356.600,359.600,347.400,351.000,36796567,13119805014.000
2023-08-01,700.HK,2023-08-01,352.600,357.600,343.800,350.600,23436211,8303605274.000
2023-08-02,700.HK,2023-08-02,348.200,349.000,336.800,340.000,21038298,7251316786.000
2023-08-03,700.HK,2023-08-03,338.600,344.400,335.600,338.800,16661383,5745551264.000
2023-08-04,700.HK,2023-08-04,345.200,347.200,335.800,340.000,19099499,6574571115.000
2023-08-07,700.HK,2023-08-07,336.800,338.400,334.600,337.800,9480118,3221321551.000
2023-08-08,700.HK,2023-08-08,331.000,333.800,330.000,331.400,15381749,5149851528.000
2023-08-09,700.HK,2023-08-09,329.600,334.800,328.600,333.800,11917732,3989808437.000
2023-08-10,700.HK,2023-08-10,333.800,338.200,332.200,336.400,11185881,3786436144.000
2023-08-11,700.HK,2023-08-11,335.400,338.200,331.200,332.400,12303930,4141506048.000
2023-08-14,700.HK,2023-08-14,324.600,331.000,324.400,329.800,15754526,5226439815.000
2023-08-15,700.HK,2023-08-15,327.800,331.600,327.200,329.200,10787439,3587997385.000
2023-08-16,700.HK,2023-08-16,326.400,327.600,324.200,325.400,16484843,5424343870.000
2023-08-17,700.HK,2023-08-17,317.200,332.400,317.200,329.400,28817958,9486311330.000
2023-08-18,700.HK,2023-08-18,326.000,329.400,321.600,321.600,18108794,5944608803.000
2023-08-21,700.HK,2023-08-21,317.600,322.400,314.600,314.600,25696855,8249693136.000
2023-08-22,700.HK,2023-08-22,314.800,321.200,311.000,315.600,24679965,7873317693.000
2023-08-23,700.HK,2023-08-23,316.600,318.000,313.600,314.600,17244848,5498780349.000
2023-08-24,700.HK,2023-08-24,317.600,324.600,317.600,321.800,22340826,7249199294.000
2023-08-25,700.HK,2023-08-25,319.200,320.400,316.600,316.600,12542511,4032148392.000
2023-08-28,700.HK,2023-08-28,327.200,330.200,321.400,321.800,19402834,6356409937.000
2023-08-29,700.HK,2023-08-29,322.000,328.600,322.000,326.000,15382479,5067422706.000
2023-08-30,700.HK,2023-08-30,330.400,330.600,321.600,322.400,15190035,4992667676.000
2023-08-31,700.HK,2023-08-31,327.600,328.400,318.600,321.600,49737237,16198347014.000
2023-09-04,700.HK,2023-09-04,326.600,331.200,325.000,330.000,30748869,10160809676.000
2023-09-05,700.HK,2023-09-05,328.600,331.600,324.000,325.600,13250752,4370874310.000
2023-09-06,700.HK,2023-09-06,325.600,325.600,319.800,324.200,16488562,5381303850.000
2023-09-07,700.HK,2023-09-07,323.200,323.800,316.800,318.200,16724228,5391223905.000
2023-09-11,700.HK,2023-09-11,312.000,322.000,312.000,320.600,18808064,6040944631.000
2023-09-12,700.HK,2023-09-12,324.600,324.600,316.400,318.600,10399333,3355116160.000
2023-09-13,700.HK,2023-09-13,322.600,322.600,315.600,316.800,10662703,3421558267.000
2023-09-14,700.HK,2023-09-14,319.000,319.200,315.000,316.400,10153112,3249440578.000
2023-09-15,700.HK,2023-09-15,316.600,318.400,313.600,313.800,19218155,6120466277.000
2023-09-18,700.HK,2023-09-18,313.800,315.600,308.800,308.800,14736625,4644323052.000
2023-09-19,700.HK,2023-09-19,309.400,311.400,305.400,309.000,15579978,4858993927.000
2023-09-20,700.HK,2023-09-20,309.200,309.200,304.600,305.800,13663748,4232881515.000
2023-09-21,700.HK,2023-09-21,303.400,305.000,298.600,299.600,19116385,5800506675.000
2023-09-22,700.HK,2023-09-22,298.600,310.600,296.800,310.200,21236877,6532964150.000
2023-09-25,700.HK,2023-09-25,308.000,308.200,299.800,301.000,18307015,5598702553.000
2023-09-26,700.HK,2023-09-26,297.600,300.200,294.800,296.600,15924558,4792868840.000
2023-09-27,700.HK,2023-09-27,294.600,300.800,294.600,298.600,14203461,4279249839.000
2023-09-28,700.HK,2023-09-28,298.400,299.200,293.000,294.000,15604031,4656643911.000
2023-09-29,700.HK,2023-09-29,294.200,305.000,293.800,302.800,11252646,3427495227.000
2023-10-03,700.HK,2023-10-03,298.600,298.600,293.000,297.200,15122710,4529560053.000
2023-10-04,700.HK,2023-10-04,296.400,296.600,292.000,294.200,10942209,3255192428.000
2023-10-05,700.HK,2023-10-05,296.400,300.200,295.200,296.400,10801914,3248496149.000
2023-10-06,700.HK,2023-10-06,300.400,304.000,298.400,301.800,11076858,3377586513.000
2023-10-09,700.HK,2023-10-09,302.000,305.400,298.600,303.600,11396304,3494379463.000
2023-10-10,700.HK,2023-10-10,304.600,311.400,302.600,304.800,16445252,5092537962.000
2023-10-11,700.HK,2023-10-11,310.600,311.200,307.000,307.600,16424531,5127315924.000
2023-10-12,700.HK,2023-10-12,313.200,313.800,311.400,313.200,13451541,4253651016.000
2023-10-13,700.HK,2023-10-13,309.400,309.600,302.000,303.400,13367440,4126234792.000
2023-10-16,700.HK,2023-10-16,305.400,305.400,296.800,297.800,12452816,3763941347.000
2023-10-17,700.HK,2023-10-17,301.200,301.200,296.600,298.800,9202480,2778330474.000
2023-10-18,700.HK,2023-10-18,296.800,298.200,294.000,296.600,12001017,3597465826.000
2023-10-19,700.HK,2023-10-19,292.000,294.200,287.800,287.800,17216427,5071175711.000
2023-10-20,700.HK,2023-10-20,284.000,286.800,282.800,285.600,19212180,5532516610.000
2023-10-24,700.HK,2023-10-24,283.600,286.400,279.200,279.600,21619960,6162879368.000
2023-10-25,700.HK,2023-10-25,289.000,293.000,281.800,284.400,17506229,5096837025.000
2023-10-26,700.HK,2023-10-26,283.400,286.800,279.600,284.200,11446711,3278486902.000
2023-10-27,700.HK,2023-10-27,284.200,291.200,283.600,289.400,16455031,4795573277.000
2023-10-30,700.HK,2023-10-30,288.200,294.400,287.400,292.000,14357754,4228011953.000
2023-10-31,700.HK,2023-10-31,292.000,292.000,284.600,285.800,13727382,3984600481.000
2023-11-01,700.HK,2023-11-01,285.400,286.600,281.000,283.600,11006036,3157915344.000
2023-11-02,700.HK,2023-11-02,286.600,290.800,283.400,285.200,10477412,3037345195.000
2023-11-03,700.HK,2023-11-03,288.800,300.800,288.000,299.200,21575201,6455647414.000
2023-11-06,700.HK,2023-11-06,306.400,310.800,303.800,309.200,26863379,8358214297.000
2023-11-07,700.HK,2023-11-07,309.200,310.600,302.800,305.200,13397743,4143070769.000
2023-11-08,700.HK,2023-11-08,306.000,311.200,304.000,305.000,12879809,4001595292.000
2023-11-09,700.HK,2023-11-09,301.600,305.400,301.600,303.400,10272208,3148081937.000
2023-11-10,700.HK,2023-11-10,301.200,301.200,297.800,299.400,9871831,2987541086.000
2023-11-13,700.HK,2023-11-13,298.800,308.400,296.800,306.400,13586029,4154169988.000
2023-11-14,700.HK,2023-11-14,308.400,308.600,302.200,304.400,12477388,3842261223.000
2023-11-15,700.HK,2023-11-15,313.200,320.200,310.600,319.200,32454690,10350836032.000
2023-11-16,700.HK,2023-11-16,326.600,326.600,312.800,321.400,35296026,11408055349.000
2023-11-17,700.HK,2023-11-17,320.200,320.200,309.800,311.800,21970164,6964405195.000
2023-11-20,700.HK,2023-11-20,312.800,325.400,312.800,323.200,27782719,9006002433.000
2023-11-21,700.HK,2023-11-21,327.000,329.200,320.200,321.400,24188659,7943866990.000
2023-11-22,700.HK,2023-11-22,324.600,326.600,318.600,321.000,14169841,4616781447.000
2023-11-23,700.HK,2023-11-23,323.200,326.200,320.200,325.800,14531153,4757635404.000
2023-11-24,700.HK,2023-11-24,326.200,326.200,316.600,317.800,15236522,4930730514.000
2023-11-27,700.HK,2023-11-27,321.600,321.600,314.600,319.400,12232068,3932052873.000
2023-11-28,700.HK,2023-11-28,321.000,321.000,313.600,316.200,15153725,4845979129.000
2023-11-29,700.HK,2023-11-29,319.600,320.600,310.200,313.600,16856744,5350805912.000
2023-11-30,700.HK,2023-11-30,314.000,323.600,313.600,323.600,30308092,9825334888.000
2023-12-01,700.HK,2023-12-01,321.400,322.400,315.600,315.600,15149684,4879489488.000
2023-12-04,700.HK,2023-12-04,319.600,320.800,311.800,313.400,14907238,4757921362.000
2023-12-05,700.HK,2023-12-05,317.600,317.600,301.600,305.400,23730039,7365272819.000
2023-12-06,700.HK,2023-12-06,303.200,311.400,299.000,308.200,15896242,4923099459.000
2023-12-07,700.HK,2023-12-07,305.600,307.800,300.600,304.400,13703651,4202919809.000
2023-12-08,700.HK,2023-12-08,304.000,305.800,297.600,302.200,16600566,5058680831.000
2023-12-11,700.HK,2023-12-11,297.400,305.200,295.000,303.800,18402157,5572601512.000
2023-12-12,700.HK,2023-12-12,303.600,308.400,302.800,308.000,12995914,4023372817.000
2023-12-13,700.HK,2023-12-13,306.200,307.400,301.000,303.600,14145125,4349541594.000
2023-12-14,700.HK,2023-12-14,306.600,310.600,301.200,303.000,17198776,5291009888.000
2023-12-15,700.HK,2023-12-15,307.600,316.000,305.600,311.000,30917917,9741462274.000
2023-12-18,700.HK,2023-12-18,306.200,309.200,306.200,308.200,12094993,3761863748.000
2023-12-19,700.HK,2023-12-19,307.600,311.000,303.200,308.400,12530326,3892814250.000
2023-12-20,700.HK,2023-12-20,312.800,314.800,308.800,310.800,14187408,4471236272.000
2023-12-21,700.HK,2023-12-21,305.800,310.200,305.600,309.200,10167030,3167141141.000
2023-12-22,700.HK,2023-12-22,313.600,313.600,260.200,270.600,147014902,40572370982.000
2023-12-27,700.HK,2023-12-27,278.800,287.600,278.800,281.600,64471032,18422333099.000
2023-12-28,700.HK,2023-12-28,281.600,292.200,281.400,289.600,37840686,10982107841.000
2023-12-29,700.HK,2023-12-29,291.600,292.400,286.200,290.200,19624685,5748957744.000
2024-01-02,700.HK,2024-01-02,296.600,301.600,291.000,293.200,23354069,6962383856.000
2024-01-03,700.HK,2024-01-03,290.600,298.200,289.000,297.200,20391718,6085147367.000
2024-01-04,700.HK,2024-01-04,301.000,301.000,294.600,295.400,20217430,6060645067.000
2024-01-05,700.HK,2024-01-05,292.000,293.200,286.200,288.800,23745017,6955882327.000
2024-01-08,700.HK,2024-01-08,291.000,291.200,281.800,284.600,16718452,4808945707.000
2024-01-09,700.HK,2024-01-09,282.600,285.800,280.000,280.200,16927478,4836417346.000
2024-01-10,700.HK,2024-01-10,278.600,281.800,273.400,276.800,19146068,5366550706.000
2024-01-11,700.HK,2024-01-11,277.200,289.000,276.600,284.000,20604580,5923778710.000
2024-01-12,700.HK,2024-01-12,282.200,289.600,281.400,285.000,15770055,4564846573.000
2024-01-15,700.HK,2024-01-15,286.600,290.400,284.200,286.000,16334371,4735733149.000
2024-01-16,700.HK,2024-01-16,280.400,285.400,276.600,279.000,22236094,6296367933.000
2024-01-17,700.HK,2024-01-17,273.600,275.400,268.800,271.200,36114167,9920052518.000
2024-01-18,700.HK,2024-01-18,271.200,275.800,267.800,274.200,24604079,6776282696.000
2024-01-19,700.HK,2024-01-19,271.600,279.200,264.800,267.800,26897479,7357692839.000
2024-01-22,700.HK,2024-01-22,267.200,268.200,256.800,258.800,33654810,8880717645.000
2024-01-23,700.HK,2024-01-23,263.400,274.800,259.800,268.600,35610787,9683595311.000
2024-01-24,700.HK,2024-01-24,276.200,281.000,268.800,278.400,33863638,9417935656.000
2024-01-25,700.HK,2024-01-25,281.600,288.600,277.400,287.400,34160783,9841462621.000
2024-01-26,700.HK,2024-01-26,284.800,286.800,277.800,279.400,24815795,7079875596.000
2024-01-29,700.HK,2024-01-29,282.600,285.000,276.000,278.600,20159014,5699930982.000
2024-01-30,700.HK,2024-01-30,273.800,276.600,269.600,270.400,21505998,5913403599.000
2024-01-31,700.HK,2024-01-31,270.400,274.600,265.000,267.200,20052974,5438242133.000
2024-02-01,700.HK,2024-02-01,266.600,274.400,264.600,268.200,17329472,4720877744.000
2024-02-02,700.HK,2024-02-02,281.200,284.200,271.600,276.000,31053753,8741240897.000
2024-02-05,700.HK,2024-02-05,275.000,280.000,270.400,276.200,20456590,5693719708.000
2024-02-06,700.HK,2024-02-06,276.400,289.200,276.200,287.400,28856902,8307954181.000
2024-02-07,700.HK,2024-02-07,291.600,293.600,285.400,288.800,26343654,7718411659.000
2024-02-08,700.HK,2024-02-08,286.600,289.800,283.000,283.800,17910672,5168657520.000
2024-02-09,700.HK,2024-02-09,281.200,284.000,278.000,283.800,6732059,1913725595.000
2024-02-14,700.HK,2024-02-14,283.600,287.800,278.600,286.600,11567444,3330238325.000
2024-02-15,700.HK,2024-02-15,285.200,286.600,281.600,282.000,12568028,3601580022.000
2024-02-16,700.HK,2024-02-16,282.200,288.400,277.000,288.400,17215356,4948591634.000
2024-02-19,700.HK,2024-02-19,288.000,288.000,280.400,281.400,15415304,4415094331.000
2024-02-20,700.HK,2024-02-20,283.600,284.400,277.000,280.800,15773028,4459365127.000
2024-02-21,700.HK,2024-02-21,277.400,291.200,277.400,285.400,23947218,6932698628.000
2024-02-22,700.HK,2024-02-22,284.800,288.000,283.400,288.000,12441270,3603265882.000
2024-02-23,700.HK,2024-02-23,286.600,293.000,283.600,287.400,13229798,3842413526.000
2024-02-26,700.HK,2024-02-26,284.000,286.800,282.000,283.800,12412426,3559023840.000
2024-02-27,700.HK,2024-02-27,282.800,282.800,274.800,281.200,23612599,6662498545.000
2024-02-28,700.HK,2024-02-28,281.600,282.400,273.000,273.600,25903478,7245008449.000
2024-02-29,700.HK,2024-02-29,271.800,275.600,271.200,273.800,29721885,8231584617.000
2024-03-01,700.HK,2024-03-01,269.600,275.600,268.400,274.000,27952651,7713358074.000
2024-03-04,700.HK,2024-03-04,274.000,276.600,271.400,272.800,13832089,3823469208.000
2024-03-05,700.HK,2024-03-05,266.800,269.800,262.800,264.800,26055083,7021429162.000
2024-03-06,700.HK,2024-03-06,262.600,273.600,262.400,271.200,23289346,6357883429.000
2024-03-07,700.HK,2024-03-07,271.400,272.200,265.800,267.600,17159729,4665844767.000
2024-03-08,700.HK,2024-03-08,268.600,272.200,266.600,266.600,12416156,3380545324.000
2024-03-11,700.HK,2024-03-11,267.800,275.200,267.800,275.200,17866889,4936584620.000
2024-03-12,700.HK,2024-03-12,278.600,289.200,276.800,287.400,36531141,10506831805.000
2024-03-13,700.HK,2024-03-13,288.000,290.600,285.200,287.200,20074418,5850784424.000
2024-03-14,700.HK,2024-03-14,286.000,290.600,283.400,285.800,14227432,4114240447.000
2024-03-15,700.HK,2024-03-15,279.600,282.800,276.200,280.400,29183023,8265577655.000
2024-03-18,700.HK,2024-03-18,278.800,288.000,278.800,286.400,19633305,5654374640.000
2024-03-19,700.HK,2024-03-19,285.600,287.800,281.600,281.600,15635351,4493812251.000
2024-03-20,700.HK,2024-03-20,282.000,286.800,279.600,285.400,15622235,4499879183.000
2024-03-21,700.HK,2024-03-21,291.800,294.800,286.200,287.800,36868686,10838694493.000
2024-03-22,700.HK,2024-03-22,284.000,287.000,279.000,285.400,26432205,7578583691.000
2024-03-25,700.HK,2024-03-25,285.400,287.200,281.600,285.200,21127168,6091145042.000
2024-03-26,700.HK,2024-03-26,282.600,297.200,282.600,296.000,33998571,10047178514.000
2024-03-27,700.HK,2024-03-27,292.600,304.200,292.400,298.600,38753084,11767791351.000
2024-03-28,700.HK,2024-03-28,298.600,306.200,298.000,300.400,30000843,9153818094.000
2024-04-02,700.HK,2024-04-02,305.600,309.000,304.400,305.800,26561604,8219109343.000
2024-04-03,700.HK,2024-04-03,308.600,308.600,303.000,305.000,19696947,6080044192.000
2024-04-05,700.HK,2024-04-05,306.200,308.200,301.000,306.600,13582369,4191612734.000
2024-04-08,700.HK,2024-04-08,301.800,307.600,301.000,302.000,21656541,6642553971.000
2024-04-09,700.HK,2024-04-09,304.000,305.400,299.600,301.600,17879375,5461280620.000
2024-04-10,700.HK,2024-04-10,303.000,311.800,303.000,310.800,24730145,7718209929.000
2024-04-11,700.HK,2024-04-11,306.400,313.200,305.600,311.600,18834968,5912379640.000
2024-04-12,700.HK,2024-04-12,310.600,314.600,306.000,306.200,23031342,7201400890.000
2024-04-15,700.HK,2024-04-15,301.200,305.400,300.400,301.000,18295291,5593339139.000
2024-04-16,700.HK,2024-04-16,297.800,305.000,296.600,298.400,19691636,5979713952.000
2024-04-17,700.HK,2024-04-17,298.400,300.600,294.400,297.400,14410544,4332377122.000
2024-04-18,700.HK,2024-04-18,298.800,305.400,295.200,301.000,19058907,5817112793.000
2024-04-19,700.HK,2024-04-19,300.000,302.000,296.200,300.400,19472600,5891457574.000
2024-04-22,700.HK,2024-04-22,304.600,319.200,303.400,317.000,41133325,13065634056.000
2024-04-23,700.HK,2024-04-23,322.600,330.200,321.800,329.000,43821652,14443015826.000
2024-04-24,700.HK,2024-04-24,334.400,341.600,332.000,340.800,41472682,14131709369.000
2024-04-25,700.HK,2024-04-25,336.800,343.000,333.000,336.000,27727556,9447179394.000
2024-04-26,700.HK,2024-04-26,336.600,348.400,336.600,345.000,29599531,10298055730.000
2024-04-29,700.HK,2024-04-29,345.000,351.400,341.800,344.200,25416523,8909313770.000
2024-04-30,700.HK,2024-04-30,346.200,347.400,340.600,343.800,15957023,5549476351.000
2024-05-02,700.HK,2024-05-02,345.600,357.800,342.000,357.000,22479610,8048229558.000
2024-05-03,700.HK,2024-05-03,367.600,369.200,357.200,361.000,23592345,8612647977.000
2024-05-06,700.HK,2024-05-06,361.200,369.600,359.600,366.800,26208326,9662184937.000
2024-05-07,700.HK,2024-05-07,364.000,367.800,360.000,362.400,19408056,7119649470.000
2024-05-08,700.HK,2024-05-08,363.000,368.400,356.400,358.000,20058148,7307654402.000
2024-05-09,700.HK,2024-05-09,357.600,366.600,357.000,366.400,16026030,5882164677.000
2024-05-10,700.HK,2024-05-10,370.400,370.800,361.600,367.600,15693045,5809252084.000
2024-05-13,700.HK,2024-05-13,365.200,376.600,364.600,374.800,20558084,7727774454.000
2024-05-14,700.HK,2024-05-14,377.600,381.400,375.200,378.400,21603101,8251923622.000
2024-05-16,700.HK,2024-05-16,396.600,397.600,391.200,393.600,58430778,23268551890.000
2024-05-17,700.HK,2024-05-17,397.000,400.200,394.200,395.000,27916392,11081611102.000
2024-05-20,700.HK,2024-05-20,397.000,399.800,392.800,395.000,22331961,8829405381.000
2024-05-21,700.HK,2024-05-21,393.400,393.400,379.600,383.600,30679849,11791772111.000
2024-05-22,700.HK,2024-05-22,379.200,386.800,376.600,384.400,22374764,8564093703.000
2024-05-23,700.HK,2024-05-23,380.600,384.000,376.400,381.800,18323988,6982435896.000
2024-05-24,700.HK,2024-05-24,378.200,382.600,374.800,377.000,19143321,7222647941.000
2024-05-27,700.HK,2024-05-27,372.000,377.600,362.400,377.400,32132068,11927773448.000
2024-05-28,700.HK,2024-05-28,377.200,386.000,373.400,380.200,16614787,6330014080.000
2024-05-29,700.HK,2024-05-29,377.400,379.800,369.600,371.000,27378220,10232747364.000
2024-05-30,700.HK,2024-05-30,370.000,374.200,365.800,368.000,22006500,8119057639.000
2024-05-31,700.HK,2024-05-31,371.200,379.000,359.800,359.800,40035868,14674997389.000
2024-06-03,700.HK,2024-06-03,366.800,379.000,366.600,375.000,28125374,10465478719.000
2024-06-04,700.HK,2024-06-04,375.000,379.600,373.800,377.400,18043066,6808408201.000
2024-06-05,700.HK,2024-06-05,377.600,387.800,377.600,380.800,20205424,7734931399.000
2024-06-06,700.HK,2024-06-06,387.400,391.000,379.000,381.600,18888938,7252563273.000
2024-06-07,700.HK,2024-06-07,383.000,384.600,372.800,374.800,25247259,9484569639.000
2024-06-11,700.HK,2024-06-11,367.400,377.800,367.400,373.800,26496779,9897549378.000
2024-06-12,700.HK,2024-06-12,373.800,377.800,369.600,370.800,14960058,5568239314.000
2024-06-13,700.HK,2024-06-13,376.400,380.600,373.600,379.800,15337042,5782500207.000
2024-06-14,700.HK,2024-06-14,383.600,383.600,378.600,379.800,20859332,7947024569.000
2024-06-17,700.HK,2024-06-17,376.200,385.800,374.800,381.200,15281150,5828851506.000
2024-06-18,700.HK,2024-06-18,381.400,383.800,377.000,377.000,14278934,5421694736.000
2024-06-19,700.HK,2024-06-19,380.400,391.000,378.400,389.000,22313477,8621510893.000
2024-06-20,700.HK,2024-06-20,392.000,392.000,385.600,387.600,14049005,5458760162.000
2024-06-21,700.HK,2024-06-21,383.800,385.200,378.000,381.400,25855005,9865327581.000
2024-06-24,700.HK,2024-06-24,377.600,381.000,374.000,380.400,12919565,4877042793.000
2024-06-25,700.HK,2024-06-25,381.800,385.000,378.600,382.000,12789522,4886651275.000
2024-06-26,700.HK,2024-06-26,379.200,383.000,377.000,382.000,11886907,4523976740.000
2024-06-27,700.HK,2024-06-27,379.600,380.000,372.200,374.400,17513758,6579329993.000
2024-06-28,700.HK,2024-06-28,371.600,376.000,370.800,372.400,15561097,5808359575.000
2024-07-02,700.HK,2024-07-02,367.000,376.200,365.200,369.200,27266647,10065077874.000
2024-07-03,700.HK,2024-07-03,366.800,380.800,366.800,379.400,22256951,8344723464.000
2024-07-04,700.HK,2024-07-04,386.800,386.800,378.600,382.400,15437093,5903308155.000
2024-07-05,700.HK,2024-07-05,384.800,385.600,378.800,379.800,10522095,4013583387.000
2024-07-08,700.HK,2024-07-08,381.800,383.200,375.600,378.600,11623215,4404429857.000
2024-07-09,700.HK,2024-07-09,377.000,382.200,376.000,381.000,13024401,4937581755.000
2024-07-10,700.HK,2024-07-10,385.200,385.800,376.800,377.600,15586645,5939592207.000
2024-07-11,700.HK,2024-07-11,379.400,386.000,378.200,384.800,16590064,6361566091.000
2024-07-12,700.HK,2024-07-12,390.800,397.200,389.200,397.000,27521352,10843285355.000
2024-07-15,700.HK,2024-07-15,393.200,397.000,388.600,390.200,13680185,5356488154.000
2024-07-16,700.HK,2024-07-16,386.000,387.400,377.800,378.000,19061149,7266853576.000
2024-07-17,700.HK,2024-07-17,375.000,377.400,368.400,371.800,25857823,9626459946.000
2024-07-18,700.HK,2024-07-18,368.000,371.600,367.000,369.200,18944747,7004246008.000
2024-07-19,700.HK,2024-07-19,366.600,368.400,363.000,364.000,23088518,8436931105.000
2024-07-22,700.HK,2024-07-22,367.200,375.800,365.400,373.200,16960926,6308844632.000
2024-07-23,700.HK,2024-07-23,375.000,376.400,366.000,366.200,12104461,4468643968.000
2024-07-24,700.HK,2024-07-24,365.800,369.600,360.600,363.200,11800216,4296613335.000
2024-07-25,700.HK,2024-07-25,360.200,361.600,351.000,351.200,25787277,9109434950.000
2024-07-26,700.HK,2024-07-26,352.800,358.400,352.400,354.400,13267324,4713926982.000
2024-07-29,700.HK,2024-07-29,359.800,362.000,353.800,358.200,12872249,4621511204.000
2024-07-30,700.HK,2024-07-30,355.400,357.600,352.400,353.600,9749595,3449679960.000
2024-07-31,700.HK,2024-07-31,352.200,366.800,351.000,362.200,20304313,7342932634.000
2024-08-01,700.HK,2024-08-01,363.800,368.600,363.600,365.600,12412285,4542267305.000
2024-08-02,700.HK,2024-08-02,360.800,365.400,356.200,358.200,17707597,6362989242.000
2024-08-05,700.HK,2024-08-05,352.000,364.200,349.000,356.600,22963458,8149877925.000
2024-08-06,700.HK,2024-08-06,360.600,363.400,349.400,354.400,17674374,6271399997.000
2024-08-07,700.HK,2024-08-07,355.200,365.400,355.200,363.400,15840290,5741644841.000
2024-08-08,700.HK,2024-08-08,361.200,374.400,359.400,368.200,18811540,6937667976.000
2024-08-09,700.HK,2024-08-09,371.400,376.000,368.400,370.000,16353916,6076519265.000
2024-08-12,700.HK,2024-08-12,372.000,376.600,370.000,375.000,10215275,3820531726.000
2024-08-13,700.HK,2024-08-13,376.000,380.600,375.600,378.600,13590391,5139849633.000
2024-08-14,700.HK,2024-08-14,378.600,379.400,369.400,373.800,18692686,6972998414.000
2024-08-15,700.HK,2024-08-15,366.200,374.800,364.200,368.400,21443850,7911688768.000
2024-08-16,700.HK,2024-08-16,372.000,375.200,368.800,372.600,16414338,6118049481.000
2024-08-19,700.HK,2024-08-19,377.600,377.600,371.200,372.600,15210162,5682955534.000
2024-08-20,700.HK,2024-08-20,372.800,373.800,369.000,370.400,11852608,4396264807.000
2024-08-21,700.HK,2024-08-21,367.400,373.800,365.200,371.600,11647083,4321314134.000
2024-08-22,700.HK,2024-08-22,374.800,377.800,371.200,377.800,16786859,6292362555.000
2024-08-23,700.HK,2024-08-23,377.000,378.600,373.600,375.600,13055635,4915768223.000
2024-08-26,700.HK,2024-08-26,378.000,384.800,377.600,382.000,16251125,6187192968.000
2024-08-27,700.HK,2024-08-27,378.000,382.600,377.200,381.800,13675535,5201725475.000
2024-08-28,700.HK,2024-08-28,383.000,383.000,372.400,374.200,14602521,5488468925.000
2024-08-29,700.HK,2024-08-29,370.000,378.000,369.000,377.600,12890430,4823697844.000
2024-08-30,700.HK,2024-08-30,377.600,385.600,376.800,382.000,30873303,11814702142.000
2024-09-02,700.HK,2024-09-02,380.000,383.200,376.400,377.800,13878671,5266962582.000
2024-09-03,700.HK,2024-09-03,378.000,381.400,374.800,378.200,9814885,3712928885.000
2024-09-04,700.HK,2024-09-04,374.200,376.600,371.200,372.800,13278870,4953267380.000
2024-09-05,700.HK,2024-09-05,370.400,376.600,370.400,373.400,9576319,3573609644.000
2024-09-09,700.HK,2024-09-09,370.000,371.200,365.200,371.200,20078164,7403940509.000
2024-09-10,700.HK,2024-09-10,369.200,370.600,366.000,368.600,12303441,4541788101.000
2024-09-11,700.HK,2024-09-11,366.600,370.600,365.000,370.200,12043623,4427792878.000
2024-09-12,700.HK,2024-09-12,371.000,377.000,369.600,372.600,13800366,5155819382.000
2024-09-13,700.HK,2024-09-13,372.800,376.800,372.800,374.800,11013765,4126159335.000
2024-09-16,700.HK,2024-09-16,372.600,377.800,370.400,377.800,7689238,2888661599.000
2024-09-17,700.HK,2024-09-17,372.000,381.400,372.000,380.000,10147851,3843832264.000
2024-09-19,700.HK,2024-09-19,379.600,389.800,376.600,388.800,25801963,9956351927.000
2024-09-20,700.HK,2024-09-20,390.000,393.400,383.800,388.600,28407069,11037802946.000
2024-09-23,700.HK,2024-09-23,388.000,392.000,385.200,387.600,15223032,5901921827.000
2024-09-24,700.HK,2024-09-24,393.000,402.200,389.400,402.200,42919010,17036649591.000
2024-09-25,700.HK,2024-09-25,418.000,418.000,401.400,405.400,40112126,16419449388.000
2024-09-26,700.HK,2024-09-26,408.000,430.000,406.800,430.000,50254878,21170861674.000
2024-09-27,700.HK,2024-09-27,443.200,444.800,432.600,437.800,57154793,25050353600.000
2024-09-30,700.HK,2024-09-30,449.600,457.400,434.200,444.600,75459468,33640909924.000
2024-10-02,700.HK,2024-10-02,450.000,479.600,449.200,470.000,48766943,22740694506.000
2024-10-03,700.HK,2024-10-03,471.000,476.600,453.200,466.200,31600782,14666391360.000
2024-10-04,700.HK,2024-10-04,470.000,479.000,462.200,477.600,24663665,11687744228.000
2024-10-07,700.HK,2024-10-07,479.800,482.400,469.600,478.400,25334387,12100493260.000
2024-10-08,700.HK,2024-10-08,472.000,476.800,438.600,438.600,70468024,31910928585.000
2024-10-09,700.HK,2024-10-09,449.000,453.000,424.000,434.200,46372903,20395255847.000
2024-10-10,700.HK,2024-10-10,438.000,448.600,436.400,438.800,33111230,14647696645.000
2024-10-14,700.HK,2024-10-14,440.800,440.800,424.000,436.000,30316807,13164335484.000
2024-10-15,700.HK,2024-10-15,433.800,433.800,412.600,417.000,33478410,14096594793.000
2024-10-16,700.HK,2024-10-16,415.000,425.800,412.600,415.800,22490256,9408091928.000
2024-10-17,700.HK,2024-10-17,418.000,426.800,410.000,412.600,16476899,6891360483.000
2024-10-18,700.HK,2024-10-18,412.600,435.600,411.400,430.800,25963857,11032073978.000
2024-10-21,700.HK,2024-10-21,430.600,431.400,419.200,421.000,16334100,6931274444.000
2024-10-22,700.HK,2024-10-22,423.200,423.600,418.000,421.600,11027704,4640118297.000
2024-10-23,700.HK,2024-10-23,423.000,432.200,416.600,428.200,14656951,6257381250.000
2024-10-24,700.HK,2024-10-24,425.000,425.600,419.600,422.000,11202752,4728256741.000
2024-10-25,700.HK,2024-10-25,427.600,427.600,418.600,421.000,11951879,5042478403.000
2024-10-28,700.HK,2024-10-28,421.000,422.200,413.600,417.200,15551935,6490536102.000
2024-10-29,700.HK,2024-10-29,419.400,423.400,415.200,418.400,13797786,5779088134.000
2024-10-30,700.HK,2024-10-30,413.600,418.000,410.600,411.000,17895482,7390929003.000
2024-10-31,700.HK,2024-10-31,410.400,418.800,404.600,404.600,22753709,9311202110.000
2024-11-01,700.HK,2024-11-01,406.000,422.400,406.000,419.200,21086569,8772957316.000
2024-11-04,700.HK,2024-11-04,423.000,423.800,416.000,419.000,11706119,4907800634.000
2024-11-05,700.HK,2024-11-05,415.200,427.800,415.200,427.800,15270863,6467649437.000
2024-11-06,700.HK,2024-11-06,425.000,426.200,413.200,419.800,20755203,8721758302.000
2024-11-07,700.HK,2024-11-07,417.000,429.600,414.400,428.400,19924018,8451854957.000
2024-11-08,700.HK,2024-11-08,435.000,436.000,419.400,420.800,19389836,8248754864.000
2024-11-11,700.HK,2024-11-11,412.000,415.600,409.400,413.200,22857586,9415370362.000
2024-11-12,700.HK,2024-11-12,409.400,413.800,403.000,403.800,27303282,11097703325.000
2024-11-13,700.HK,2024-11-13,397.200,407.200,396.000,403.800,28307185,11330712756.000
2024-11-14,700.HK,2024-11-14,401.600,415.000,397.800,403.400,34898922,14209879823.000
2024-11-15,700.HK,2024-11-15,404.000,407.000,399.000,401.000,29061324,11694318621.000
2024-11-18,700.HK,2024-11-18,405.200,413.400,401.600,404.200,20493537,8334918073.000
2024-11-19,700.HK,2024-11-19,406.600,409.000,403.400,406.200,13879296,5642160961.000
2024-11-20,700.HK,2024-11-20,408.200,413.800,406.200,410.800,15005135,6154781898.000
2024-11-21,700.HK,2024-11-21,409.400,411.400,407.000,407.600,12501718,5113866289.000
2024-11-22,700.HK,2024-11-22,408.800,412.400,399.600,400.600,16949546,6864777347.000
2024-11-25,700.HK,2024-11-25,400.000,402.400,393.800,395.200,27888308,11050846352.000
2024-11-26,700.HK,2024-11-26,392.200,399.200,392.200,393.800,16940574,6691211866.000
2024-11-27,700.HK,2024-11-27,394.600,406.200,392.000,402.800,16685594,6663311548.000
2024-11-28,700.HK,2024-11-28,401.400,404.200,397.400,400.000,13067643,5231565698.000
2024-11-29,700.HK,2024-11-29,395.000,402.800,395.000,398.000,15626995,6222578704.000
2024-12-02,700.HK,2024-12-02,398.000,401.600,395.600,399.800,13334410,5315344071.000
2024-12-03,700.HK,2024-12-03,403.200,404.400,394.400,404.400,18362569,7349822394.000
2024-12-04,700.HK,2024-12-04,402.200,405.600,399.800,403.200,14053234,5659584173.000
2024-12-05,700.HK,2024-12-05,403.400,406.600,400.800,405.200,13314801,5387437368.000
2024-12-06,700.HK,2024-12-06,406.800,414.600,405.000,412.600,27711445,11355635110.000
2024-12-09,700.HK,2024-12-09,406.200,421.200,406.200,418.800,22461949,9280106150.000
2024-12-10,700.HK,2024-12-10,430.000,431.000,410.400,411.200,30282843,12685586317.000
2024-12-11,700.HK,2024-12-11,414.800,415.000,407.200,409.800,13098201,5375397926.000
2024-12-12,700.HK,2024-12-12,414.000,422.800,409.200,415.600,23414258,9764008489.000
2024-12-13,700.HK,2024-12-13,413.000,415.000,408.600,409.800,16296064,6700157586.000
2024-12-16,700.HK,2024-12-16,410.000,411.400,403.800,405.600,14059845,5717887485.000
2024-12-17,700.HK,2024-12-17,402.000,408.000,401.800,402.600,16779048,6775381419.000
2024-12-18,700.HK,2024-12-18,408.000,408.800,404.000,406.000,14906072,6055022951.000
2024-12-19,700.HK,2024-12-19,402.200,422.000,401.400,415.200,34671236,14310455150.000
2024-12-20,700.HK,2024-12-20,414.200,429.800,414.200,426.400,44834041,19091460065.000
2024-12-23,700.HK,2024-12-23,430.600,431.000,416.200,420.200,20856154,8789976430.000
2024-12-24,700.HK,2024-12-24,421.000,421.600,417.600,420.000,7873769,3304033747.000
2024-12-27,700.HK,2024-12-27,417.600,421.000,415.600,417.400,13545082,5658808228.000
2024-12-30,700.HK,2024-12-30,418.000,421.800,415.800,419.000,13515622,5658833713.000
2024-12-31,700.HK,2024-12-31,417.200,421.400,415.800,417.000,10867280,4549301806.000
2025-01-02,700.HK,2025-01-02,417.000,425.000,413.600,416.000,20733037,8663880815.000
2025-01-03,700.HK,2025-01-03,418.000,419.000,410.400,414.200,16843241,6981757015.000
2025-01-06,700.HK,2025-01-06,415.000,415.000,407.200,409.400,16869318,6913962011.000
2025-01-07,700.HK,2025-01-07,380.600,392.800,376.600,379.600,142920468,54765124550.000
2025-01-08,700.HK,2025-01-08,371.200,379.800,365.600,369.200,95456188,35455056165.000
2025-01-09,700.HK,2025-01-09,365.000,379.400,365.000,373.400,60578450,22635953876.000
2025-01-10,700.HK,2025-01-10,373.600,379.400,369.600,369.600,37053933,13862840308.000
2025-01-13,700.HK,2025-01-13,364.800,371.600,364.800,366.000,34785015,12807672283.000
2025-01-14,700.HK,2025-01-14,365.600,379.600,365.600,375.000,40623785,15194363089.000
2025-01-15,700.HK,2025-01-15,373.400,385.400,373.000,380.000,29158255,11078584830.000
2025-01-16,700.HK,2025-01-16,384.000,386.600,376.600,382.400,26141103,9980555775.000
2025-01-17,700.HK,2025-01-17,381.000,382.200,378.400,379.800,17138321,6508060710.000
2025-01-20,700.HK,2025-01-20,380.200,392.800,380.200,389.800,31141403,12097853995.000
2025-01-21,700.HK,2025-01-21,392.000,392.200,386.400,387.400,25249668,9804257217.000
2025-01-22,700.HK,2025-01-22,385.000,388.600,381.000,383.400,17859069,6847451534.000
2025-01-23,700.HK,2025-01-23,383.000,386.000,379.600,381.200,21256810,8126061004.000
2025-01-24,700.HK,2025-01-24,383.200,392.400,382.200,390.600,24079119,9365230981.000
2025-01-27,700.HK,2025-01-27,388.000,398.000,388.000,395.600,23605938,9317464987.000
2025-01-28,700.HK,2025-01-28,401.000,406.000,399.000,401.200,14203491,5712247749.000
2025-02-03,700.HK,2025-02-03,400.000,404.800,394.200,404.200,27917841,11162153158.000
2025-02-04,700.HK,2025-02-04,409.200,421.200,407.000,420.800,31276268,13026602852.000
2025-02-05,700.HK,2025-02-05,421.600,421.600,410.000,417.800,32129392,13372038998.000
2025-02-06,700.HK,2025-02-06,416.200,420.400,413.400,420.400,19585105,8177045145.000
2025-02-07,700.HK,2025-02-07,420.400,432.400,417.800,428.200,34567530,14741790890.000
2025-02-10,700.HK,2025-02-10,429.600,439.800,428.800,437.000,31411302,13701174483.000
2025-02-11,700.HK,2025-02-11,440.000,441.200,425.600,427.400,30893563,13324637665.000
2025-02-12,700.HK,2025-02-12,429.000,444.600,426.000,444.200,38264929,16740640484.000
2025-02-13,700.HK,2025-02-13,449.000,464.600,437.000,442.000,60985718,27423907000.000
2025-02-14,700.HK,2025-02-14,449.800,474.800,446.600,474.800,74519223,34511558043.000
2025-02-17,700.HK,2025-02-17,506.000,512.000,485.000,493.600,126223580,63032650373.000
2025-02-18,700.HK,2025-02-18,494.200,513.000,493.800,503.500,62529454,31471019731.000
2025-02-19,700.HK,2025-02-19,500.000,500.500,493.200,497.800,34127174,16979621053.000
2025-02-20,700.HK,2025-02-20,491.200,493.000,482.600,486.800,34549151,16830027103.000
2025-02-21,700.HK,2025-02-21,505.000,517.000,499.400,517.000,73545153,37396803472.000
2025-02-24,700.HK,2025-02-24,522.000,522.000,497.200,497.200,67542767,34199696303.000
2025-02-25,700.HK,2025-02-25,477.800,491.000,476.400,484.800,56509529,27378431338.000
2025-02-26,700.HK,2025-02-26,488.000,508.000,487.800,501.500,40489654,20234072819.000
2025-02-27,700.HK,2025-02-27,503.500,512.000,491.600,495.400,38902820,19434077170.000
2025-02-28,700.HK,2025-02-28,492.800,497.800,476.000,478.600,52160819,25187448106.000
2025-03-03,700.HK,2025-03-03,483.600,497.000,479.800,483.200,32752021,15971446262.000
2025-03-04,700.HK,2025-03-04,479.000,493.000,473.200,491.000,31124964,15131838819.000
2025-03-05,700.HK,2025-03-05,502.000,509.000,498.000,505.500,35165757,17704409771.000
2025-03-06,700.HK,2025-03-06,521.000,544.000,521.000,544.000,79683892,42493519327.000
2025-03-07,700.HK,2025-03-07,539.000,547.000,529.000,533.500,46494425,24958094063.000
2025-03-10,700.HK,2025-03-10,528.000,537.500,512.000,516.500,34415026,17943129937.000
2025-03-11,700.HK,2025-03-11,501.500,520.000,500.500,517.500,33852768,17316782894.000
2025-03-12,700.HK,2025-03-12,523.000,525.000,505.000,512.000,28031056,14392005064.000
2025-03-13,700.HK,2025-03-13,513.000,516.000,499.200,507.500,27326941,13847803125.000
2025-03-14,700.HK,2025-03-14,513.000,531.000,507.500,521.500,30711707,16031719897.000
2025-03-17,700.HK,2025-03-17,532.000,534.500,522.000,524.500,22096160,11643059956.000
2025-03-18,700.HK,2025-03-18,538.500,543.500,533.500,541.000,33639833,18122094127.000
2025-03-19,700.HK,2025-03-19,542.500,545.000,534.000,540.000,31604153,17070297193.000
2025-03-20,700.HK,2025-03-20,540.500,541.000,518.000,519.500,49845030,26156573461.000
2025-03-21,700.HK,2025-03-21,518.000,526.000,505.500,511.500,42260479,21649092742.000
2025-03-24,700.HK,2025-03-24,514.000,517.500,504.500,513.000,24598555,12575591612.000
2025-03-25,700.HK,2025-03-25,513.000,515.500,501.000,502.000,27744935,14019727299.000
2025-03-26,700.HK,2025-03-26,502.000,510.500,502.000,506.500,17310634,8757798653.000
2025-03-27,700.HK,2025-03-27,509.000,516.000,502.000,509.000,17595617,8980372215.000
2025-03-28,700.HK,2025-03-28,511.500,516.500,503.500,509.500,18594342,9479836573.000
2025-03-31,700.HK,2025-03-31,505.000,507.500,494.600,497.000,28036973,13996725056.000
2025-04-01,700.HK,2025-04-01,501.000,511.500,500.000,504.000,19518013,9865122834.000
2025-04-02,700.HK,2025-04-02,505.000,509.000,499.200,504.000,14247546,7168421768.000
2025-04-03,700.HK,2025-04-03,493.000,500.500,491.200,497.800,29219618,14472384655.000
